sID(1);CNAP Name(2);CNAP Address(3);WorkTime(4);phone(5)
1;ЦНАП Апостолівської РДА;53802, Дніпропетровська обл., м. Апостолове, вул.Набережна, 18;<p>Понеділок, середа з 9.00 до 20.00<br />Вівторок, четвер з 9.00 до 18.00<br />П'ятниця з 9.00 до 16.45<br />Субота з 9.00 до 16.00<br />Вихідний - Неділя</p>;Телефон: 8(05656) т.9-42-71 
2;ЦНАП Васильківської РДА;52600, Дніпропетровська обл., смт Васильківка, вул. Партизанська, 150;<p>Понеділок-п'ятниця з 8.00 до 20.00<br />Субота з 8.00 до 16.00<br />Вихідний - Неділя</p>;Телефон: (05639) 9-20-87 
3;ЦНАП Верхньодніпровської РДА;51600, Дніпропетровська обл., м. Верхньодніпровськ, пр.Леніна, 21;<p>Понеділок, середа, п'ятниця, субота з 8.00 до 15.00<br />Вівторок, четвер з 8.00 до 20.00<br />Вихідний - Неділя</p>;Телефон: (05658) 6-00-61 
4;ЦНАП Дніпропетровської РДА;52005, Дніпропетровська обл., смт. Ювілейне, вул. Теплична, 19;<p>Понеділок, середа, з 9.00 до 18.00<br />Вівторок, четвер з 9.00 до 20.00<br />П'ятниця, субота з 9.00 до 16.00<br />Вихідний - Неділя</p>;Телефон: (0562) 27-80-43
5;ЦНАП Криворізької РДА;50002, Дніпропетровська обл., м. Кривий Ріг, вул.Кобилянського, 152;<p>Понеділок, середа, з 8.00 до 17.00<br />Вівторок, четвер з 8.00 до 20.00<br />П'ятниця з 9.00 до 15.45<br />Субота з 8.00 до 16.00<br />Вихідний - Неділя</p>;Телефон: (0564) 26-08-11
6;ЦНАП Криничанської РДА;52300, Дніпропетровська обл., смт Кринички, вул. Центральна, буд. 13;<p>Понеділок, четвер, з 9.00 до 20.00<br />Вівторок, середа з 9.00 до 18.00<br />П'ятниця з 9.00 до 16.45<br />Субота з 8.00 до 16.00<br />Вихідний - Неділя</p>;Телефон: (05654) 9-17-46
7;ЦНАП Магдалинівської РДА;51100, Дніпропетровська обл., смт Магдалинівка, вул. Радянська,46;<p>Понеділок-субота з 8.00 до 20.00<br />Вихідний - Неділя</p>;Телефон: (05691) 2-12-63
8;ЦНАП Межівської РДА;52900, Дніпропетровска обл., смт Межова, вул.Фрунзе, 5;<p>Понеділок, середа, з 9.00 до 20.00<br />Вівторок, четвер з 9.00 до 18.00<br />П'ятниця з 9.00 до 16.45<br />Субота з 9.00 до 16.00<br />Вихідний - Неділя</p>;Телефон: (05630)6-04-73
9;ЦНАП Нікопольської РДА;53200, Дніпропетровська обл., м. Нікополь, вул. Шевченка,130;<p>Понеділок, середа, з 9.00 до 18.00<br />Вівторок, четвер з 9.00 до 20.00<br />П'ятниця з 9.00 до 16.45<br />Субота з 9.00 до 16.00<br />Вихідний - Неділя</p>;Телефон: (05662) 4-19-77
10;ЦНАП Новомосковської РДА;51200, Дніпропетровська обл., м. Новомосковськ, вул. Шевченка, буд.7;<p>Понеділок, середа, з 9.00 до 20.00<br />Вівторок, четвер з 9.00 до 18.00<br />П'ятниця з 9.00 до 16.45<br />Субота з 9.00 до 15.00<br />Вихідний - Неділя</p>;Телефон: (05693)7-54-31
11;ЦНАП Павлоградської РДА;51400,Дніпропетровська обл., м.Павлоград, вул.К.Маркса, 98;<p>Понеділок, середа, з 8.00 до 20.00<br />Вівторок, четвер з 8.00 до 17.00<br />П'ятниця, субота з 8.00 до 15.45<br />Вихідний - Неділя</p>;Телефон: (05632) 6-14-88
12;ЦНАП Петриківської РДА;51800,Дніпропетровська обл., смт.Петриківка, вул.Леніна ,38;<p>Понеділок, середа з 9.00 до 20.00<br />Вівторок, четвер з 9.00 до 18.00<br />П'ятниця з 9.00 до 16.45<br />Субота з 9.00 до 16.00<br />Вихідний - Неділя</p>;Телефон: (05634) 2-27-69 
13;ЦНАП Петропавлівської РДА;52700, Дніпропетровска обл., смт.Петропавлівка, вул. Радянська, 62;<p>Понеділок-п'ятниця з 8.00 до 20.00<br />Субота з 9.00 до 16.00<br />Вихідний - Неділя</p>;Телефон: (05631) 3-15-02
14;ЦНАП Покровської РДА;53600 Дніпропетровська обл., смт Покровське, вул.К.Маркса, 119;<p>Понеділок, середа з 8.00 до 20.00<br />Вівторок, четвер з 8.00 до 17.00<br />П'ятниця з 8.00 до 15.45<br />Субота з 8.00 до 15.00<br />Вихідний - Неділя</p>;Телефон: (05638) 5-00-37 
15;ЦНАП П’ятихатської РДА;52100 Дніпропетровська область П’ятихатський район, м.П'ятихатки вул.Желєзнякова, 104;<p>Понеділок-п'ятниця з 8.00 до 20.00<br />Субота з 9.00 до 16.00<br />Вихідний - Неділя</p>;Телефон: (05651) 3-07-36
16;ЦНАП Синельниковської РДА;52500 Дніпропетровська обл. м.Синельникове, вул.Богми, 3-а;<p>Понеділок, четвер, з 8.00 до 20.00<br />Вівторок, середа з 8.00 до 17.00<br />П'ятниця, субота з 8.00 до 16.00<br />Вихідний - Неділя</p>;Телефон: (05663) 4-37-94
17;ЦНАП Солонянської РДА;52400, Дніпропетровська область, смт Солоне, вул.Гагаріна, 20;<p>Понеділок, середа з 8.00 до 17.00<br />Вівторок, четвер з 8.00 до 20.00<br />П'ятниця з 8.00 до 15.45<br />Субота з 9.00 до 16.00<br />Вихідний - Неділя</p>;Телефон: (05669) 3-02-34, (05669) 2-11-44
18;ЦНАП Софіївської РДА;53100, Дніпропетровська обл., смт Софіївка, вул.Жовтнева, 58;<p>Понеділок-п'ятниця з 8.00 до 20.00<br />Субота з 8.00 до 16.00<br />Вихідний - Неділя</p>;Телефон: (05650) 2-86-75 
19;ЦНАП Томаківської РДА;53500 Дніпропетровська обл., смт.Томаківка вул.Леніна, 41;<p>Понеділок, середа, з 8.00 до 20.00<br />Вівторок, четвер з 8.00 до 17.00<br />П'ятниця, субота з 8.00 до 16.00<br />Вихідний - Неділя</p>;Телефон: (05668) 3-14-69
20;ЦНАП Царичанської РДА;51000,Дніпропетровська обл., смт.Царичанка, вул.Театральна, 16г;<p>Понеділок-п'ятниця з 8.00 до 20.00<br />Субота з 9.00 до 16.00<br />Вихідний - Неділя</p>;Телефон: (05690) 3-26-81
21;ЦНАП Широківської РДА;53700, Дніпропетровська обл., смт. Широке, вул. Леніна, 107;<p>Понеділок, середа з 8.00 до 20.00<br />Вівторок, четвер з 8.00 до 17.00<br />П'ятниця з 8.00 до 15.45<br />Субота з 8.00 до 15.00<br />Вихідний - Неділя</p>;Телефон: (05657) 29362
22;ЦНАП Юр`ївської РДА;51300, Дніпропетровська обл., смт. Юр’ївка, вул.Леніна,114;<p>Понеділок, середа, п'ятниця з 8.00 до 17.00<br />Вівторок, четвер з 8.00 до 20.00<br />Субота з 8.00 до 16.00<br />Вихідний - Неділя</p>;Телефон: (05635) 51701
23;ЦНАП Дніпропетровської міськради Правобережний;49000, Дніпропетровська обл., м. Дніпропетровськ, просп. Карла Маркса, 75;<p>Понеділок, середа з 9.00 до 18.00<br />Вівторок, четвер з 9.00 до 20.00<br />П'ятниця з 9.00 до 16.45<br />Субота з 10.00 до 16.00<br />Вихідний - Неділя</p>;Телефон: (056) 745-52-19
24;ЦНАП Дніпропетровської міськради Лівобережний;49051, Дніпропетровська обл., м. Дніпропетровськ, просп. Газети "Правда", 42;<p>Понеділок, середа з 9.00 до 18.00<br />Вівторок, четвер з 9.00 до 20.00<br />П'ятниця з 9.00 до 16.45<br />Субота з 10.00 до 16.00<br />Вихідний - Неділя</p>;Телефон: (056) 726-30-69
25;ЦНАП Вільногірської міськради;51700, Дніпропетровська обл., м. Вільногірськ, вул.Варена, 15;<p>Понеділок, середа, п'ятниця з 8.00 до 17.00<br />Вівторок, четвер з 8.00 до 20.00<br />Субота з 8.00 до 16.00<br />Вихідний - Неділя</p>;Телефон: (05653) 5-15-14, (05653) 5-15-86, (05653) 5-28-03
26;ЦНАП Дніпродзержинської міськради;51900, Дніпропетровська обл., м.Дніпродзержинськ, Комсомольський пр.10/12;<p>Понеділок, середа, п'ятниця з 8.00 до 17.00<br />Вівторок, четвер з 8.00 до 20.00<br />Субота з 9.00 до 16.00<br />Вихідний - Неділя</p>;Телефон: (05692) 26150, (05692) 27303 
27;ЦНАП Жовтоводської міськради;52204, Дніпропетровська обл., м.Жовті Води, вул. Петровського, 33;<p>Понеділок, середа з 8.00 до 17.15<br />Вівторок, четвер з 8.00 до 20.00<br />П'ятниця,субота з 8.00 до 15.00<br />Вихідний - Неділя</p>;Телефон: (05652) 24737,(05652) 23285 
28;ЦНАП Криворізької міськради;50101, Дніпропетровська обл., м. Кривий Ріг, пл.Радянська, 1;<p>Понеділок, середа, п'ятниця з 8.30 до 17.00<br />Вівторок, четвер з 8.30 до 20.00<br />Субота з 8.30 до 17.00<br />Вихідний - Неділя</p>;Телефон: (0564) 92-13-77, 74-02-10, 92-13-61
29;ЦНАП Марганецької міськради;53400, Дніпропетровська обл., м.Марганець, вул.Радянська, 29-а;<p>Понеділок, середа з 8.00 до 18.00<br />Вівторок, четвер з 8.00 до 20.00<br />П'ятниця з 8.00 до 17.00<br />Субота з 8.00 до 16.00<br />Вихідний - Неділя</p>;Телефон: mn-centr@i.ua
30;ЦНАП Нікопольської міськради;53213, Дніпропетровська обл., м. Нікополь, вул.Електрометалургів, 3;<p>Понеділок, середа з 9.00 до 18.00<br />Вівторок, четвер з 9.00 до 20.00<br />П'ятниця з 9.00 до 16.45<br />Субота з 9.00 до 16.00<br />Вихідний - Неділя</p>;Телефон: (05662) 5-15-36
31;ЦНАП Новомосковської міськради;51200, Днірпопетровська обл., м. Новомосковськ, вул. Червоноармійська, 1;<p>Понеділок, четвер, з 8.00 до 17.15<br />Вівторок, середа з 8.00 до 20.00<br />П'ятниця з 8.00 до 16.00<br />Субота з 8.00 до 15.00<br />Вихідний - Неділя</p>;Телефон: (05693) 7-12-57, 7-98-33, 7-81-06 
32;ЦНАП Орджонікідзевської міськради;53300, Дніпропетровська обл., м. Орджонікідзе, вул. Калініна, 48;<p>Понеділок, середа, п'ятниця з 9.00 до 16.00<br />Вівторок, четвер з 9.00 до 20.00<br />Субота з 9.00 до 15.00<br />Вихідний - Неділя</p>;Телефон: (05667) 4-30-35
33;ЦНАП Павлоградської міськради;51400, Дніпропетровська обл., м. Павлоград, вул.Шевченка, 132;<p>Понеділок, середа з 8.00 до 17.00<br />Вівторок, четвер з 8.00 до 20.00<br />П'ятниця, субота з 8.00 до 16.00<br />Вихідний - Неділя</p>;Телефон: (05632) 6-35-86, (05632) 6-48-72
34;ЦНАП Першотравенської міськради;52800, Дніпропетровська обл., м. Першотравенськ, вул. Шкільна, 20;<p>Понеділок, середа, п'ятниця з 8.00 до 17.00<br />Вівторок, четвер з 13.00 до 20.00<br />Субота з 9.00 до 16.00<br />Вихідний - Неділя</p>;Телефон: (05633) 7-10-65
35;ЦНАП Синельниківської міськради;52500, Дніпропетровська обл., м. Синельникове, вул. Богми, 3а;<p>Понеділок, середа з 8.00 до 17.00<br />Вівторок, четвер з 8.00 до 20.00<br />П'ятниця, субота з 8.00 до 16.00<br />Вихідний - Неділя</p>;Телефон: (05663) 40081 
36;ЦНАП Тернівської міськради;51500, Дніпропетровська обл., м. Тернівка, вул.І.Петрова, 13;<p>Понеділок, середа з 8.00 до 17.00<br />Вівторок, четвер з 12.00 до 20.00<br />П'ятниця, субота з 8.00 до 16.00<br />Вихідний - Неділя</p>;Телефон: (05636) 7-46-75, (05636) 7-46-86